Title,Rating,Nigth_cost,Date,Details
"Mù cang chải , Vietnam",5,$40,May 20 – 25,"1,427 kilometers away"
"Baindur, India",5,$95,May 24 – 29,"1,986 kilometers away"
"Mù Cang Chải, Vietnam",5,$40,May 20 – 25,"1,427 kilometers away"
"Napoklu, India",4.91,$21,May 20 – 25,"2,006 kilometers away"
"Kalasa, India",5,$28,May 21 – 26,"1,974 kilometers away"
"KR Pete, India",5,$69,May 29 – Jun 3,"1,933 kilometers away"
"Pali, India",5,"$3,632 ",May 22 – 27,"1,755 kilometers away"
"Street, Vietnam",4.81,$69,Nov 1 – 6,"1,383 kilometers away"
"Village Kalakho (Area Kandoli), India",4.91,$104,May 20 – 27,"1,445 kilometers away"
"Meppadi, India",4.93,$69,May 21 – 26,"2,027 kilometers away"
"Rajshahi, Bangladesh",4.98,$57,May 21 – 28,205 kilometers away
"Bahu, India",5,$83,May 29 – Jun 3,"1,556 kilometers away"
"Gurugram, India",4.81,$56,May 21 – 26,"1,432 kilometers away"
"Ta Van, Vietnam",4.91,$30,Jun 5 – 10,"1,389 kilometers away"
"Pawna Lake, India",4.95,$284,May 21 – 26,"1,841 kilometers away"
"Raithal, India",4.92,$16,Oct 24 – 31,"1,408 kilometers away"
"Tambon Mu Si, Thailand",4.9,$165,May 21 – 26,"1,543 kilometers away"
"Madikeri, India",4.9,$81,May 31 – Jun 5,"1,994 kilometers away"
"Chambebellur, India",4.82,$48,May 28 – Jun 2,"2,003 kilometers away"
"Kasauli, India",4.98,$76,Jun 25 – 30,"1,549 kilometers away"
"Jibhi, India",New,$34,Jun 9 – 14,"1,554 kilometers away"
"Mueang Kanchanaburi District, Thailand",4.89,$72,Jun 5 – 10,"1,396 kilometers away"
"Panchgani, India",4.94,$176,May 20 – 26,"1,840 kilometers away"
"ตำบล เมืองงาย, Thailand",4.94,$40,May 20 – 25,"1,003 kilometers away"
"Kamshet, India",5,$199,May 20 – 27,"1,834 kilometers away"
"Kanchanaburi, Thailand",4.87,$200,May 23 – 30,"1,416 kilometers away"
"Palra, India",4.91,$276,May 21 – 26,"1,434 kilometers away"
"Village Kyari, India",5,$221,May 28 – Jun 3,"1,286 kilometers away"
"Punakha, Bhutan",5,$40,May 21 – 27,434 kilometers away
"Candolim, India",4.71,$81,Jun 6 – 11,"1,963 kilometers away"
"Alibag, India",4.85,$119,May 21 – 26,"1,899 kilometers away"
"Lonavala, India",4.9,$95,May 28 – Jun 2,"1,833 kilometers away"
"Almora Range, India",4.97,$48,May 23 – 28,"1,251 kilometers away"
"Rishikesh, India",4.83,$53,May 20 – 27,"1,394 kilometers away"
"Velhe, Torna-Rajgad, India",4.88,$173,Jun 15 – 20,"1,832 kilometers away"
"Tham Lot, Thailand",4.99,$33,May 21 – 26,934 kilometers away
"Satkhol, India",4.91,$41,Jun 21 – 28,"1,250 kilometers away"
"Bung Nam Rak, Thailand",4.92,$50,May 20 – 25,"1,550 kilometers away"
"chikmagalur taluk and district, India",5,$13,May 21 – 26,"1,937 kilometers away"
"Chiang Dao , Thailand",4.88,$27,May 31 – Jun 5,"1,003 kilometers away"
"Chiang Rai, Thailand",4.95,$50,May 28 – Jun 2,"1,054 kilometers away"
"Davanagere, India",5,$44,May 28 – Jun 2,"1,833 kilometers away"
"Jagalbet, India",5,$90,May 29 – Jun 3,"1,907 kilometers away"
"ตำบล แม่นะ, Thailand",4.91,$80,Jun 10 – 17,"1,012 kilometers away"
"Landran, India",5,$61,Jun 9 – 14,"1,570 kilometers away"
"Kalimpong, India",5,$62,May 26 – 31,419 kilometers away
"Pong Ta Long, Thailand",4.98,$598,May 21 – 26,"1,555 kilometers away"
"Wang Mi, Thailand",4.85,$173,May 22 – 27,"1,574 kilometers away"
"Thung Na Ngam, Thailand",4.89,$67,May 20 – 25,"1,338 kilometers away"
"Chikmagalur, India",5,$17,May 24 – 29,"1,937 kilometers away"
"Nandi Hills, India",4.86,$112,Jun 4 – 9,"1,764 kilometers away"
"Shindgaon, India",4.89,$119,Jun 8 – 13,"1,841 kilometers away"
"Mohal, India",4.85,$130,Jun 8 – 13,"1,592 kilometers away"
"Wai, India",4.89,$73,May 29 – Jun 3,"1,831 kilometers away"
"Bhimtal, India",4.75,$13,May 23 – 28,"1,247 kilometers away"
"Mahabaleshwar, India",New,$99,May 24 – 29,"1,849 kilometers away"
"Tha Pha, Thailand",5,$63,Jul 1 – 6,"1,015 kilometers away"
"Vang Vieng, Laos",4.86,$29,May 20 – 26,"1,354 kilometers away"
"Mahabaleshwar, India",5,$65,Jun 24 – 29,"1,845 kilometers away"
"Jibhi, India",4.94,$55,Jun 3 – 8,"1,555 kilometers away"
"Luang Prabang, Laos",5,$60,May 20 – 25,"1,283 kilometers away"
"Mahabaleshwar, India",4.86,$65,Jun 24 – 29,"1,845 kilometers away"
"Jibhi, India",4.92,$55,Jun 3 – 8,"1,555 kilometers away"
"Tambon Mae Hi, Thailand",4.85,$33,May 22 – 27,962 kilometers away
"Rashala, India",5,$42,May 20 – 26,"1,553 kilometers away"
"Pa Pae, Thailand",4.94,$15,May 20 – 27,988 kilometers away
"Wiang Tai, Thailand",4.8,$15,May 20 – 27,959 kilometers away
"Rishikesh, India",New,$82,May 20 – 26,"1,395 kilometers away"
"Sa Pa, Vietnam",New,$43,May 27 – Jun 3,"1,388 kilometers away"
"Mahabaleshwar, India",4.9,$54,Jun 24 – 29,"1,845 kilometers away"
"Mueang Chiang Rai, Thailand",New,$43,May 20 – 25,"1,058 kilometers away"
"Gauribidanur, India",4.9,$62,Jun 1 – 6,"1,766 kilometers away"
"Tha Sai, Thailand",4.94,$23,May 20 – 27,"1,062 kilometers away"
"Jibhi, India",4.86,$28,May 27 – Jun 1,"1,555 kilometers away"
"Mueang Chiang Rai, Thailand",5,$54,May 20 – 26,"1,058 kilometers away"
"Kalimpong, India",5,$24,May 22 – 27,419 kilometers away
"Chakrata, India",5,$55,May 21 – 26,"1,456 kilometers away"
"Horale, India",4.98,$41,May 21 – 28,"1,860 kilometers away"
"KR Pete, India",5,$26,May 26 – 31,"1,933 kilometers away"
"Sa Pa, Vietnam",5,$16,May 21 – 26,"1,387 kilometers away"
"KR Pete, India",4.94,$26,May 26 – 31,"1,933 kilometers away"
"KR Pete, India",4.86,$63,May 30 – Jun 4,"1,933 kilometers away"
"Ta Van, Vietnam",4.89,$12,May 22 – 27,"1,388 kilometers away"
"Kasardevi, Almora, India",4.88,$42,May 21 – 26,"1,254 kilometers away"
"Ban Phanom, Laos",New,$57,May 24 – 29,"1,285 kilometers away"
"Kasauli, India",5,$17,Jun 1 – 6,"1,548 kilometers away"
"Wiang Tai, Thailand",4.92,$22,May 31 – Jun 5,962 kilometers away
"Seetla, India",5,$149,May 20 – 25,"1,248 kilometers away"
"Sukhia Pokhari, India",New,$76,May 25 – 30,430 kilometers away
"Mueang Chiang Rai, Thailand",4.91,$33,May 20 – 27,"1,053 kilometers away"
"Khao Yai, Thailand",5,$253,May 20 – 27,"1,534 kilometers away"
"Sa Pa, Vietnam",4.86,$46,May 20 – 25,"1,388 kilometers away"
"Sohryngkham, India",4.88,$69,Jun 13 – 18,256 kilometers away
"Sharchi, India",5,$55,May 20 – 26,"1,549 kilometers away"
"Jibhi, India",4.86,$28,May 30 – Jun 4,"1,561 kilometers away"
"Mueang Kanchanaburi District, Thailand",4.83,$84,May 20 – 26,"1,396 kilometers away"
"Vrindavan, India",4.85,$40,May 20 – 25,"1,347 kilometers away"
"Solan, India",4.82,$110,May 22 – 27,"1,536 kilometers away"
"Katakiri, India",4.86,$42,May 29 – Jun 3,"1,907 kilometers away"
"Kewing, South sikkim, India",5,$42,May 20 – 25,448 kilometers away
"Solan, India",4.93,$39,May 21 – 26,"1,536 kilometers away"
"Sapa , Vietnam",4.9,$17,May 20 – 27,"1,388 kilometers away"
"Tambon Mae Yao, Thailand",5,$67,May 20 – 25,"1,055 kilometers away"
"Vang Vieng, Laos",5,$29,Jun 1 – 6,"1,354 kilometers away"
"Sa Pa, Vietnam",4.82,$20,May 20 – 25,"1,391 kilometers away"
"Mae Kon, Thailand",5,$50,May 20 – 27,"1,053 kilometers away"
"Vang Vieng, Laos",4.86,$21,Sep 1 – 6,"1,355 kilometers away"
"Wiang Tai, Thailand",4.86,$15,May 20 – 27,959 kilometers away
"Sapa, Vietnam",5,$31,May 20 – 27,"1,389 kilometers away"
"Tambon Ban Du, Thailand",5,$50,May 26 – 31,"1,046 kilometers away"
"Y Linh Ho, Vietnam",5,$51,May 29 – Jun 4,"1,385 kilometers away"
"SanPaTong, Thailand",4.93,$93,May 20 – 25,"1,044 kilometers away"
"Sauraha, Nepal",4.9,$14,May 20 – 26,731 kilometers away
"Nashik/ Igatpuri, India",5,$21,May 20 – 25,"1,809 kilometers away"
"Pa Sak, Thailand",4.82,$19,May 20 – 27,"1,065 kilometers away"
"Shankarpura, India",5,$17,May 22 – 27,"2,015 kilometers away"
"Tambon Rop Wiang, Thailand",4.86,$37,May 20 – 25,"1,070 kilometers away"
"Krong Siemreap, Cambodia",5,$20,May 20 – 27,"1,819 kilometers away"
"Panchgani, India",4.89,$34,May 20 – 25,"1,839 kilometers away"
"Pai, Thailand",4.68,$15,May 20 – 27,962 kilometers away
"Tambon Ban Du, Thailand",4.88,$50,May 26 – 31,"1,046 kilometers away"
"Panchgani, India",4.75,$36,May 20 – 25,"1,839 kilometers away"
"Jibhi, India",4.94,$41,May 20 – 27,"1,554 kilometers away"
"Y Linh Ho, Vietnam",5,$51,May 29 – Jun 4,"1,385 kilometers away"
"Molahalli, India",4.97,$16,May 20 – 27,"1,989 kilometers away"
"SanPaTong, Thailand",4.88,$93,May 20 – 25,"1,044 kilometers away"
"Sauraha, Nepal",4.9,$14,May 20 – 26,731 kilometers away
"Pa Sak, Thailand",4.91,$19,May 20 – 27,"1,065 kilometers away"
"Shankarpura, India",5,$17,May 22 – 27,"2,015 kilometers away"
"Tambon Rop Wiang, Thailand",4.92,$37,May 20 – 25,"1,070 kilometers away"
"Krong Siemreap, Cambodia",4.88,$20,May 20 – 27,"1,819 kilometers away"
"Namchi, India",4.81,$44,May 29 – Jun 5,428 kilometers away
"Sa Pa, Vietnam",4.91,$29,May 20 – 25,"1,388 kilometers away"
"Siem Reap, Cambodia",4.81,$154,May 20 – 27,"1,828 kilometers away"
"TH, Thailand",4.92,$25,May 20 – 25,963 kilometers away
"Kalimpong, India",4.88,$39,May 26 – 31,420 kilometers away
"Kamare, India",4.93,$83,May 20 – 25,"1,874 kilometers away"
"Jibhi, India",4.88,$30,May 30 – Jun 4,"1,553 kilometers away"
"Tambon Wiang Nuea, Thailand",4.94,$24,May 21 – 28,962 kilometers away
"Pathum Thani, Thailand",5,$18,May 20 – 25,"1,522 kilometers away"
"Chiang Mai, Thailand",4.88,$66,May 20 – 25,"1,021 kilometers away"
"Pathum Thani, Thailand",4.82,$18,May 20 – 25,"1,522 kilometers away"
"Gurugram, India",5,$207,Jun 3 – 9,"1,444 kilometers away"
"Sainj, India",4.86,$24,May 25 – 30,"1,565 kilometers away"
"Gangtok, India",4.97,$64,Jun 10 – 16,443 kilometers away
"Chiang Dao, Thailand",4.95,$41,Jun 8 – 13,"1,008 kilometers away"
"Chiang Dao District, Chiang Mai, Thailand, Thailand",4.78,$44,May 31 – Jun 7,"1,008 kilometers away"
"Ajanta, India",4.89,$14,May 20 – 25,"1,554 kilometers away"
"Napoklu, India",4.78,$21,May 20 – 25,"2,006 kilometers away"
"Sojitra, India",4.94,$242,May 20 – 25,"1,811 kilometers away"
"Meppadi, India",4.89,$69,May 21 – 26,"2,027 kilometers away"
"Idukki, India",5,$109,Jun 6 – 11,"2,083 kilometers away"
"Manali, India",4.95,$155,May 22 – 27,"1,601 kilometers away"
"Madikeri, India",4.93,$81,May 31 – Jun 5,"1,994 kilometers away"
"Chambebellur, India",4.67,$48,May 28 – Jun 2,"2,003 kilometers away"
"อ.ปาย, Thailand",4.57,$25,May 20 – 25,963 kilometers away
"เกาะพงัน, Thailand",4.5,$128,Jun 10 – 15,"1,852 kilometers away"
"Kotagiri, India",4.83,$110,Jun 7 – 13,"1,984 kilometers away"
"Nokya, India",4.38,$366,Jun 13 – 19,"1,992 kilometers away"
"Gia Sinh, Vietnam",4.84,$40,May 27 – Jun 1,"1,638 kilometers away"
"Arpookara, India",4.73,$50,May 25 – 30,"2,153 kilometers away"
"Coonoor, India",4.57,$180,Jun 11 – 16,"1,990 kilometers away"
"Pallivasal, India",4.73,$166,May 21 – 26,"2,077 kilometers away"
"Kullu - Manali, India",4.68,$66,May 29 – Jun 3,"1,597 kilometers away"
"Raison, India",4.76,$36,May 24 – 29,"1,598 kilometers away"
"Pandtehr, India",4.87,$28,Jun 1 – 6,"1,640 kilometers away"
"Suntikoppa, India",4.72,$21,May 21 – 26,"1,981 kilometers away"
"Anuradhapura, Sri Lanka",4.51,$18,May 20 – 27,"2,014 kilometers away"
"Gia Sinh, Vietnam",4.73,$29,May 20 – 27,"1,637 kilometers away"
"Malagalakki, India",4,$90,May 21 – 26,"1,778 kilometers away"
"Chamba, India",4.77,$40,May 28 – Jun 4,"1,712 kilometers away"
"Khaothong, Thailand",4.59,$154,May 20 – 25,"1,942 kilometers away"
"Ninh Bình, Vietnam",4.54,$17,May 20 – 27,"1,646 kilometers away"
"Srinagar, India",4.84,$553,May 20 – 25,"1,900 kilometers away"
"Wayanad, India",4.47,$24,May 26 – Jun 2,"2,013 kilometers away"
"Puthur, India",4.81,$35,Jun 19 – 24,"1,729 kilometers away"
"Mueang Chumphon District, Thailand",4.75,$19,May 20 – 25,"1,743 kilometers away"
"TH, Thailand",4.77,$30,May 21 – 28,"1,912 kilometers away"
"Coonoor, India",4.73,$180,Jun 3 – 8,"1,990 kilometers away"
"Bengaluru, India",4.63,$35,May 21 – 27,"1,799 kilometers away"
"Jari, India",4.61,$119,Jul 4 – 9,"1,585 kilometers away"
"Tambon Khao Hin Son, Thailand",4.78,$57,May 20 – 27,"1,600 kilometers away"
"Mudigere, India",4.8,$55,May 22 – 27,"1,961 kilometers away"
"Sangolda, India",4.56,$41,May 28 – Jun 2,"1,959 kilometers away"
"Mussoorie, India",4.29,$39,May 20 – 27,"1,421 kilometers away"
"Khopoli, India",4.43,$36,Nov 1 – 6,"1,866 kilometers away"
"Gurugram, India",4.9,$274,May 28 – Jun 2,"1,427 kilometers away"
"New Delhi, India",4.6,$345,May 21 – 26,"1,422 kilometers away"
"Mukteshwar, India",4.7,$115,Jun 15 – 20,"1,244 kilometers away"
"Dehradun, India",4.43,$162,Jun 3 – 8,"1,425 kilometers away"
"North Goa, India",4.5,$44,Jun 1 – 6,"1,964 kilometers away"
"Goa, India",4.54,$14,May 21 – 28,"1,964 kilometers away"
"Gurugram, India",4.75,$156,May 22 – 27,"1,439 kilometers away"
"Mukteshwar, India",4.44,$100,May 25 – 30,"1,246 kilometers away"
"Wiang Nuea, Thailand",4.65,$29,May 21 – 26,960 kilometers away
"Goa, India",4.5,$15,Jun 8 – 13,"1,960 kilometers away"
"Mussoorie, India",4.5,$109,Jun 17 – 22,"1,429 kilometers away"
"Luang Prabang Province, Laos",4.5,$34,Jun 2 – 7,"1,274 kilometers away"
"Gauribidanur, India",4.75,$180,Jun 1 – 6,"1,763 kilometers away"
"Ban Xieng Lom, Laos",4.44,$63,May 20 – 27,"1,293 kilometers away"
"Tambon Wiang Tai, Thailand",4.65,$25,Jun 11 – 16,961 kilometers away
"Vang Vieng, Laos",4.5,$17,May 27 – Jun 1,"1,355 kilometers away"
"Jangalia Gaon Ganja, India",4.74,$28,May 24 – 29,"1,241 kilometers away"
"Nashik, India",4.56,$50,May 20 – 27,"1,784 kilometers away"
"TH, Thailand",4.56,$300,May 21 – 26,"1,524 kilometers away"
"Darjeeling, India",4.69,$68,May 20 – 27,420 kilometers away
"Lin Thin, Thailand",4.43,$70,May 22 – 27,"1,341 kilometers away"
"Medak, India",4.8,$89,May 21 – 26,"1,409 kilometers away"
"Nakhon Ratchasima, Thailand",4.76,$30,May 20 – 27,"1,522 kilometers away"
"Doddenahalli, India",4.23,$62,May 22 – 27,"1,795 kilometers away"
"Joladalu, India",4.78,$25,May 28 – Jun 2,"1,932 kilometers away"
"Uttarakhand, India",4.62,$11,May 22 – 27,"1,305 kilometers away"
"Uttarakhand, India",4.6,$11,Jun 9 – 14,"1,306 kilometers away"
"Chouk, India",4,$42,May 28 – Jun 2,"1,856 kilometers away"
"Tandi, India",4.64,$55,Jun 3 – 8,"1,554 kilometers away"
"Mudigere, India",4.57,$69,May 21 – 26,"1,960 kilometers away"
"Chickmagaluru, India",4.83,$69,May 28 – Jun 2,"1,922 kilometers away"
"Jibhi, India",4.71,$34,Jul 1 – 6,"1,554 kilometers away"
"Darjeeling, India",4.64,$29,Jun 4 – 9,430 kilometers away
"Mudigere, India",4.71,$69,May 21 – 26,"1,960 kilometers away"
"Tandi, India",4.58,$55,Jun 3 – 8,"1,554 kilometers away"
"Vang Vieng, Laos",4.78,$46,May 21 – 26,"1,354 kilometers away"
"Chickmagaluru, India",5,$69,May 28 – Jun 2,"1,922 kilometers away"
"Jibhi, India",4.81,$34,Jul 1 – 6,"1,554 kilometers away"
"Darjeeling, India",4.5,$29,Jun 4 – 9,430 kilometers away
"Mudigere, India",4.81,$69,May 21 – 26,"1,960 kilometers away"
"Pai, Thailand",4.43,$25,May 21 – 26,963 kilometers away
"Siem Reap, Cambodia",4.89,$29,May 31 – Jun 5,"1,834 kilometers away"
"Tadgaon, India",4.67,$138,May 21 – 26,"1,870 kilometers away"
"Tambon Wiang Nuea, Thailand",4.23,$93,May 20 – 25,960 kilometers away
"Ta Van, Vietnam",4.67,$22,May 20 – 26,"1,389 kilometers away"
"Hosaharlapur, India",4.38,$40,May 30 – Jun 5,"1,736 kilometers away"
"Chikkolale, India",4.55,$149,May 30 – Jun 4,"1,928 kilometers away"
"Mudigere, India",4.81,$17,May 21 – 26,"1,952 kilometers away"
"Velha Goa, India",4.7,$99,May 22 – 29,"1,954 kilometers away"
"Chikmagalur, India",4.83,$50,May 21 – 26,"1,945 kilometers away"
"Sanapur, India",4.56,$38,May 20 – 27,"1,733 kilometers away"
"Bhansoli, India",4.76,$47,May 20 – 27,"1,843 kilometers away"
"Raigad, India",4.81,$36,May 26 – 31,"1,895 kilometers away"
"Tambon Rop Wiang, Thailand",4.41,$66,May 20 – 25,"1,060 kilometers away"
"Boggase, India",4.59,$25,May 22 – 27,"1,938 kilometers away"
"Mae Hi, Thailand",4.83,$58,May 20 – 25,963 kilometers away
"Tukdah, India",4.76,$19,May 20 – 27,424 kilometers away
"Vang Vieng, Laos",4.57,$17,May 20 – 25,"1,355 kilometers away"
"Hanumanahalli, India",4.33,$30,May 20 – 25,"1,731 kilometers away"
"อ.ปาย, Thailand",4.56,$25,May 20 – 25,963 kilometers away
"Pai District, Thailand",4.4,$32,May 21 – 26,968 kilometers away
"Kullu, India",4.71,$16,May 20 – 27,"1,588 kilometers away"
"Hampi, India",4.72,$12,May 20 – 26,"1,732 kilometers away"
"Siem Reap, Cambodia",4.21,$16,May 21 – 26,"1,810 kilometers away"
"Pai, Thailand",4.81,$20,May 22 – 27,966 kilometers away
"Sapa, Vietnam",4.75,$37,May 21 – 26,"1,388 kilometers away"
"Pai, Thailand",4.77,$93,May 21 – 26,960 kilometers away
"Amphur-Muang, Thailand",4.77,$17,May 20 – 27,"1,440 kilometers away"
"Hầu Thào, Vietnam",4.83,$34,May 27 – Jun 2,"1,388 kilometers away"
"Pai, Thailand",4.7,$37,May 20 – 25,966 kilometers away
"Orachha, India",None,$11,May 20 – 27,"1,204 kilometers away"
"Poynad, India",None,$111,May 29 – Jun 3,"1,891 kilometers away"
"Vaijanath, India",None,$87,May 28 – Jun 4,"1,835 kilometers away"
"Sa Pa, Vietnam",None,$20,May 20 – 25,"1,388 kilometers away"
"Kodagu, India",None,$14,Aug 1 – 7,"1,987 kilometers away"
"Ooty, India",None,$235,Jun 11 – 16,"1,995 kilometers away"
"Auroville, India",None,$36,May 30 – Jun 4,"1,719 kilometers away"
"Hattihole, India",None,$62,May 21 – 26,"1,984 kilometers away"
"Virajpet, India",None,$84,Jun 9 – 14,"2,004 kilometers away"
"Munnar, India",None,$97,Jun 18 – 23,"2,074 kilometers away"
"Kedamullur, India",None,$83,Jun 5 – 10,"2,010 kilometers away"
"Vagamon, India",None,$104,May 28 – Jun 2,"2,119 kilometers away"
"Suntikoppa, India",None,$55,May 28 – Jun 2,"1,984 kilometers away"
"Poothali, India",None,$44,May 21 – 26,"2,087 kilometers away"
"Anna Nagar, India",None,$145,May 21 – 26,"1,803 kilometers away"
"Sultan Bathery, India",None,$34,May 27 – Jun 3,"2,009 kilometers away"
"Madikeri, India",None,$28,Jun 6 – 11,"1,995 kilometers away"
"Krishnagiri, India",None,$249,May 20 – 26,"1,815 kilometers away"
"Ao Luek Tai, Thailand",None,$20,Jun 4 – 9,"1,923 kilometers away"
"Madikeri, India",None,$34,May 28 – Jun 2,"1,986 kilometers away"
"Karada, India",None,$124,Jun 26 – Jul 1,"2,016 kilometers away"
"Munnar, India",None,$88,May 28 – Jun 2,"2,082 kilometers away"
"Cherambane, India",None,$16,Jun 26 – Jul 2,"2,005 kilometers away"
"Srimangala, India",None,$14,May 21 – 26,"2,002 kilometers away"